{
    "code": 0,
    "data": {
        "hira": [
            "う",
            "ん",
            "だ",
            "っ",
            "て",
            "そう",
            "だ"
        ],
        "start": [
            0.51,
            0.52,
            0.66,
            0.81,
            0.8899999999999999,
            1.32,
            1.76
        ],
        "end": [
            0.52,
            0.66,
            0.81,
            0.8899999999999999,
            1.15,
            1.76,
            1.94
        ],
        "pitch": {
            "mean": [
                0,
                137.92,
                140.2,
                0,
                120.57,
                185.33,
                109.86
            ],
            "allValue": [
                -1,
                -1,
                -1,
                -1,
                -1,
                -1,
                -1,
                -1,
                -1,
                -1,
                -1,
                -1,
                -1,
                -1,
                -1,
                -1,
                -1,
                -1,
                -1,
                -1,
                -1,
                -1,
                -1,
                -1,
                -1,
                -1,
                -1,
                -1,
                -1,
                -1,
                -1,
                -1,
                -1,
                -1,
                -1,
                -1,
                -1,
                -1,
                -1,
                -1,
                -1,
                -1,
                -1,
                -1,
                -1,
                -1,
                -1,
                -1,
                -1,
                -1,
                -1,
                -1,
                155.97,
                152.81,
                144.14,
                139.63,
                137.82,
                138.59,
                136.87,
                136.17,
                135.38,
                133.01,
                131.68,
                129.7,
                128.6,
                126.38,
                121.76,
                120.2,
                -1,
                -1,
                -1,
                -1,
                141.41,
                142.77,
                146.28,
                149.01,
                151.36,
                152.91,
                154.02,
                -1,
                -1,
                -1,
                -1,
                -1,
                -1,
                -1,
                -1,
                -1,
                -1,
                -1,
                -1,
                -1,
                -1,
                -1,
                136.78,
                136.27,
                132.59,
                129.04,
                125.21,
                122.71,
                120.54,
                117.49,
                116.12,
                112.9,
                111.44,
                110.99,
                110.7,
                112.25,
                -1,
                -1,
                -1,
                -1,
                -1,
                -1,
                -1,
                -1,
                -1,
                -1,
                -1,
                -1,
                -1,
                -1,
                -1,
                -1,
                -1,
                -1,
                -1,
                -1,
                -1,
                -1,
                -1,
                -1,
                -1,
                -1,
                -1,
                -1,
                563.51,
                562.69,
                -1,
                -1,
                -1,
                -1,
                -1,
                -1,
                -1,
                -1,
                -1,
                -1,
                -1,
                -1,
                168.78,
                168.65,
                168.47,
                168.64,
                168.51,
                168.27,
                168.07,
                167.83,
                167.99,
                167.81,
                167.18,
                165.96,
                164.6,
                162.11,
                158.44,
                154.44,
                151.33,
                147.63,
                144.28,
                141.03,
                138.02,
                134.23,
                130.33,
                129.37,
                118.74,
                115.02,
                114.95,
                -1,
                -1,
                -1,
                -1,
                112.8,
                110.94,
                112.63,
                111.18,
                110.19,
                109.37,
                108.56,
                108.03,
                107.25,
                107.61,
                108.64,
                107.92,
                105.12,
                98.44,
                114.28,
                113.83,
                113.64,
                114.8,
                115.19,
                113.93,
                113.81,
                114.71,
                114.78,
                115.62,
                115.78,
                100.81,
                114.74,
                113.97,
                113.48,
                113.15,
                111.42,
                110.18,
                108.73,
                106.83,
                105.18,
                104.46,
                103.28,
                102.22,
                101.4,
                100.31,
                100.39,
                100.07,
                98.08,
                97.31,
                95.66,
                98.05,
                97.91,
                93.31,
                93.71,
                98.21,
                98.74,
                98.6,
                98.24,
                98.14,
                97.71,
                94.17,
                98.62,
                101.76,
                100.7,
                100.67,
                100.32,
                99.8,
                -1,
                -1,
                -1,
                -1,
                -1,
                -1,
                -1,
                -1,
                -1,
                -1,
                -1,
                -1,
                -1,
                -1,
                -1,
                -1,
                -1,
                -1,
                -1,
                -1,
                -1,
                -1,
                -1,
                -1,
                -1,
                -1,
                -1,
                -1,
                -1,
                -1
            ],